{"entries":[{"name":"init","function":"","children":[{"name":"b","function":"","children":[{"name":"newDialogueNode","function":"","children":[],"text":"La Ubicacion","response":"Teneis que seguir el camino y llegaran"},{"name":"newDialogueNode2","function":"close","children":[],"text":"Nada","response":"Entoces para que preguntan"},{"name":"newDialogueNode3","function":"","children":[],"text":"....","response":"Bueno tan perdida no es"}],"text":"Hola nosotros buscamos la aldea perdida sabras algo sobre ella","response":"Si, que quereis saber de ella?"}],"text":"Buenos dias Exploradores !","response":""}]}