{"entries":[{"name":"init","function":"","children":[{"name":"b","function":"","children":[{"name":"newDialogueNode","function":"","children":[{"name":"newDialogueNode3","function":"","children":[{"name":"newDialogueNode4","function":"","children":[],"text":"Pero cuidado hay monstruo en el camino aqui les dejo una armadura basica pero lo suficiente en atacar en grupo ","response":""}],"text":"....","response":"Bueno tan perdida no es"}],"text":"La Ubicacion","response":"Teneis que seguir el camino y llegaran"},{"name":"newDialogueNode2","function":"close","children":[],"text":"Nada","response":"Entoces para que preguntan"}],"text":"Hola nosotros buscamos la aldea perdida sabras algo sobre ella","response":"Si, que quereis saber de ella?"}],"text":"Buenos dias Exploradores !","response":""}]}