{"stats":{"minecraft:dropped":{"travelersbackpack:villager":1,"alexsmobs:ambergris":2},"minecraft:used":{"dynamictrees:oak_seed":8,"cgm:heavy_rifle":1,"jeg:combat_rifle":546,"cgm:pistol":14},"minecraft:custom":{"minecraft:jump":274,"minecraft:time_since_rest":92042,"minecraft:damage_dealt":70,"minecraft:leave_game":5,"minecraft:play_time":92042,"minecraft:time_since_death":92042,"minecraft:sprint_one_cm":42678,"minecraft:walk_on_water_one_cm":7505,"minecraft:walk_one_cm":20792,"minecraft:sneak_time":113,"minecraft:total_world_time":92042,"minecraft:climb_one_cm":2998,"minecraft:walk_under_water_one_cm":8032,"minecraft:fall_one_cm":685,"minecraft:drop":2,"minecraft:fly_one_cm":142620},"minecraft:picked_up":{"alexsmobs:ambergris":4,"travelersbackpack:villager":1}},"DataVersion":2975}