{"stats":{"minecraft:dropped":{"travelersbackpack:villager":1},"minecraft:custom":{"minecraft:jump":215,"minecraft:time_since_rest":84616,"minecraft:walk_on_water_one_cm":7505,"minecraft:damage_dealt":70,"minecraft:leave_game":3,"minecraft:play_time":84616,"minecraft:sprint_one_cm":33304,"minecraft:time_since_death":84616,"minecraft:walk_one_cm":14617,"minecraft:sneak_time":104,"minecraft:total_world_time":84616,"minecraft:climb_one_cm":2100,"minecraft:walk_under_water_one_cm":8032,"minecraft:fall_one_cm":685,"minecraft:drop":1,"minecraft:fly_one_cm":102638},"minecraft:used":{"cgm:heavy_rifle":1,"jeg:combat_rifle":412,"cgm:pistol":14},"minecraft:picked_up":{"alexsmobs:ambergris":2,"travelersbackpack:villager":1}},"DataVersion":2975}