{"stats":{"minecraft:custom":{"minecraft:jump":170,"minecraft:time_since_rest":69518,"minecraft:leave_game":2,"minecraft:play_time":69518,"minecraft:sprint_one_cm":28902,"minecraft:time_since_death":69518,"minecraft:walk_one_cm":8487,"minecraft:sneak_time":68,"minecraft:total_world_time":69518,"minecraft:climb_one_cm":1803,"minecraft:fall_one_cm":685,"minecraft:drop":1,"minecraft:fly_one_cm":73609},"minecraft:used":{"cgm:heavy_rifle":1,"jeg:combat_rifle":412,"cgm:pistol":14},"minecraft:picked_up":{"travelersbackpack:villager":1},"minecraft:dropped":{"travelersbackpack:villager":1}},"DataVersion":2975}