{"stats":{"minecraft:dropped":{"travelersbackpack:villager":1},"minecraft:used":{"cgm:heavy_rifle":1,"jeg:combat_rifle":537,"cgm:pistol":14},"minecraft:custom":{"minecraft:jump":247,"minecraft:time_since_rest":87658,"minecraft:damage_dealt":70,"minecraft:leave_game":4,"minecraft:time_since_death":87658,"minecraft:play_time":87658,"minecraft:sprint_one_cm":39369,"minecraft:walk_on_water_one_cm":7505,"minecraft:walk_one_cm":19058,"minecraft:sneak_time":110,"minecraft:total_world_time":87658,"minecraft:climb_one_cm":2732,"minecraft:walk_under_water_one_cm":8032,"minecraft:fall_one_cm":685,"minecraft:drop":1,"minecraft:fly_one_cm":125974},"minecraft:picked_up":{"alexsmobs:ambergris":2,"travelersbackpack:villager":1}},"DataVersion":2975}