{"stats":{"minecraft:used":{"jeg:combat_rifle":635,"cgm:pistol":14,"magistuarmory:rusted_bastardsword":24,"cgm:heavy_rifle":2,"dynamictrees:oak_seed":8},"minecraft:dropped":{"spartanshields:ultimate_mekanists_tower_shield":1,"mowziesmobs:umvuthana_mask_fear":1,"cgm:pistol":1,"artifacts:flippers":1,"travelersbackpack:villager":1,"alexsmobs:ambergris":2,"magistuarmory:rusted_bastardsword":1,"artifacts:plastic_drinking_hat":1},"minecraft:custom":{"minecraft:time_since_rest":116290,"minecraft:sprint_one_cm":54903,"minecraft:play_time":116290,"tombstone:undead_killed":1,"minecraft:walk_one_cm":34376,"minecraft:sneak_time":113,"minecraft:walk_under_water_one_cm":8032,"minecraft:mob_kills":7,"minecraft:drop":8,"minecraft:jump":364,"minecraft:damage_dealt":493,"minecraft:leave_game":5,"minecraft:walk_on_water_one_cm":7505,"minecraft:time_since_death":116290,"minecraft:climb_one_cm":3515,"minecraft:total_world_time":116290,"minecraft:fall_one_cm":685,"minecraft:fly_one_cm":179662},"minecraft:picked_up":{"artifacts:plastic_drinking_hat":1,"cgm:pistol":1,"travelersbackpack:villager":1,"minecraft:feather":6,"mowziesmobs:umvuthana_mask_rage":1,"magistuarmory:rusted_bastardsword":1,"alexsmobs:ambergris":4,"mowziesmobs:umvuthana_mask_fear":3,"spartanshields:ultimate_mekanists_tower_shield":1,"artifacts:flippers":1},"minecraft:killed":{"mowziesmobs:umvuthana_follower_raptor":5,"minecraft:zombie":1,"mowziesmobs:umvuthana_raptor":1}},"DataVersion":2975}