{"stats":{"minecraft:killed":{"minecraft:spider":2,"minecraft:zombie":3},"minecraft:dropped":{"jeg:atlantean_spear":1,"jeg:custom_smg":2,"cgm:pistol":1,"jeg:holy_shotgun":1,"ironchest:trapped_obsidian_chest":1,"policemod:hc":1,"immersive_aircraft:biplane":4,"jeg:burst_rifle":1},"minecraft:picked_up":{"immersive_aircraft:biplane":5,"immersive_aircraft:sturdy_pipes":2,"jeg:custom_smg":2,"immersive_aircraft:industrial_gears":2,"immersive_aircraft:gyroscope":2,"immersive_aircraft:steel_boiler":2,"jeg:burst_rifle":1},"minecraft:custom":{"minecraft:time_since_rest":58325,"minecraft:play_time":58325,"minecraft:sprint_one_cm":16463,"tombstone:undead_killed":3,"minecraft:walk_one_cm":14245,"minecraft:sneak_time":328,"minecraft:trigger_trapped_chest":2,"minecraft:walk_under_water_one_cm":3247,"minecraft:mob_kills":5,"minecraft:drop":12,"minecraft:jump":61,"minecraft:leave_game":6,"minecraft:time_since_death":58325,"minecraft:walk_on_water_one_cm":270,"minecraft:total_world_time":58325,"minecraft:fly_one_cm":46757},"minecraft:used":{"jeg:atlantean_spear":1,"jeg:burst_rifle":13,"minecraft:grass_block":3,"cgm:pistol":6,"jeg:typhoonee":1,"carryon:entity_item":1,"minecraft:trapped_chest":3,"immersive_aircraft:biplane":4,"jeg:custom_smg":182,"jeg:holy_shotgun":10,"ironchest:trapped_obsidian_chest":1}},"DataVersion":2975}