{"stats":{"minecraft:picked_up":{"immersive_aircraft:sturdy_pipes":5,"travelersbackpack:red_sleeping_bag":2,"immersive_aircraft:gyroscope":5,"minecraft:oak_log":2,"minecraft:grass_block":1,"jeg:burst_rifle":1,"immersive_aircraft:biplane":10,"jeg:custom_smg":2,"immersive_aircraft:industrial_gears":5,"dynamictrees:oak_seed":1,"immersive_aircraft:steel_boiler":5},"minecraft:used":{"minecraft:oak_log":1,"minecraft:oak_fence":16,"minecraft:netherite_shovel":110,"cgm:pistol":6,"minecraft:grass_block":5,"carryon:entity_item":3,"minecraft:chest":1,"jeg:holy_shotgun":10,"dynamictrees:oak_seed":3,"ironchest:trapped_obsidian_chest":1,"jeg:atlantean_spear":1,"carryon:tile_item":1,"jeg:burst_rifle":13,"jeg:typhoonee":1,"minecraft:trapped_chest":3,"jeg:custom_smg":182,"immersive_aircraft:biplane":8,"minecraft:bone_meal":2},"minecraft:dropped":{"jeg:atlantean_spear":1,"jeg:custom_smg":2,"cgm:pistol":1,"minecraft:oak_log":2,"jeg:holy_shotgun":1,"policemod:hc":1,"immersive_aircraft:biplane":6,"ironchest:trapped_obsidian_chest":1,"minecraft:grass_block":1,"travelersbackpack:red_sleeping_bag":4,"jeg:burst_rifle":1},"minecraft:custom":{"minecraft:time_since_rest":93525,"minecraft:sprint_one_cm":28687,"minecraft:walk_one_cm":36864,"minecraft:trigger_trapped_chest":2,"minecraft:mob_kills":5,"minecraft:drop":19,"minecraft:fly_one_cm":98632,"minecraft:open_chest":8,"tombstone:undead_killed":3,"minecraft:play_time":93525,"minecraft:sneak_time":813,"minecraft:walk_under_water_one_cm":3899,"minecraft:jump":196,"minecraft:leave_game":7,"minecraft:walk_on_water_one_cm":650,"minecraft:time_since_death":93525,"minecraft:total_world_time":93525},"minecraft:killed":{"minecraft:zombie":3,"minecraft:spider":2}},"DataVersion":2975}