{"stats":{"minecraft:picked_up":{"create:sequenced_gearshift":1,"immersive_aircraft:sturdy_pipes":5,"minecraft:oak_fence":1,"travelersbackpack:red_sleeping_bag":2,"minecraft:netherite_shovel":1,"immersive_aircraft:gyroscope":5,"minecraft:oak_log":2,"chiselsandbits:chisel_diamond":1,"minecraft:grass_block":1,"jeg:burst_rifle":1,"minecraft:chiseled_sandstone":1,"immersive_aircraft:biplane":10,"create:piston_extension_pole":10,"create:sticky_mechanical_piston":1,"jeg:custom_smg":2,"immersive_aircraft:industrial_gears":5,"minecraft:lever":2,"minecraft:bone_meal":2,"dynamictrees:oak_seed":1,"immersive_aircraft:steel_boiler":5,"minecraft:oak_leaves":2},"minecraft:used":{"minecraft:oak_trapdoor":26,"minecraft:oak_log":35,"minecraft:oak_fence":90,"minecraft:lever":9,"minecraft:petrified_oak_slab":76,"minecraft:chiseled_sandstone":5,"minecraft:netherite_shovel":110,"minecraft:lantern":9,"minecraft:oak_stairs":11,"cgm:pistol":6,"minecraft:grass_block":5,"create:piston_extension_pole":54,"minecraft:oak_planks":24,"carryon:entity_item":3,"minecraft:chest":1,"create:sticky_mechanical_piston":9,"jeg:holy_shotgun":10,"create:adjustable_chain_gearshift":2,"dynamictrees:oak_seed":3,"create:creative_motor":2,"ironchest:trapped_obsidian_chest":1,"jeg:atlantean_spear":1,"minecraft:oak_leaves":104,"carryon:tile_item":1,"jeg:burst_rifle":13,"minecraft:vine":43,"create:mechanical_piston":1,"jeg:typhoonee":1,"create:sequenced_gearshift":1,"minecraft:trapped_chest":3,"jeg:custom_smg":182,"immersive_aircraft:biplane":8,"minecraft:bone_meal":19,"create:gearshift":6},"minecraft:dropped":{"jeg:atlantean_spear":1,"chiselsandbits:chisel_diamond":1,"jeg:custom_smg":2,"cgm:pistol":1,"create:sticky_mechanical_piston":1,"dynamictrees:oak_seed":2,"minecraft:oak_log":2,"jeg:holy_shotgun":1,"policemod:hc":1,"immersive_aircraft:biplane":6,"minecraft:oak_fence":1,"minecraft:bone_meal":2,"create:sequenced_gearshift":1,"minecraft:netherite_shovel":1,"ironchest:trapped_obsidian_chest":1,"minecraft:oak_leaves":2,"minecraft:grass_block":1,"travelersbackpack:red_sleeping_bag":4,"minecraft:chiseled_sandstone":1,"jeg:burst_rifle":1},"minecraft:custom":{"minecraft:time_since_rest":141525,"minecraft:sprint_one_cm":58500,"minecraft:walk_one_cm":111555,"minecraft:trigger_trapped_chest":2,"minecraft:mob_kills":5,"minecraft:drop":30,"minecraft:fly_one_cm":158571,"minecraft:open_chest":8,"tombstone:undead_killed":3,"minecraft:play_time":141525,"minecraft:sneak_time":826,"minecraft:walk_under_water_one_cm":4324,"minecraft:jump":466,"minecraft:climb_one_cm":306,"minecraft:leave_game":7,"minecraft:walk_on_water_one_cm":670,"minecraft:time_since_death":141525,"minecraft:total_world_time":141525},"minecraft:killed":{"minecraft:zombie":3,"minecraft:spider":2}},"DataVersion":2975}