{"stats":{"minecraft:custom":{"minecraft:interact_with_anvil":1,"minecraft:mob_kills":8,"minecraft:open_barrel":2,"minecraft:leave_game":14,"minecraft:time_since_death":363529,"minecraft:climb_one_cm":3473,"minecraft:time_since_rest":363529,"minecraft:sprint_one_cm":187616,"minecraft:walk_one_cm":282540,"minecraft:trigger_trapped_chest":2,"minecraft:drop":74,"minecraft:damage_dealt":100,"minecraft:fly_one_cm":789107,"minecraft:open_chest":11,"minecraft:crouch_one_cm":97,"minecraft:play_time":363529,"tombstone:undead_killed":5,"minecraft:sneak_time":4231,"minecraft:walk_under_water_one_cm":67338,"minecraft:jump":2044,"minecraft:walk_on_water_one_cm":56567,"minecraft:total_world_time":363529},"minecraft:picked_up":{"minecraft:water_bucket":2,"travelersbackpack:red_sleeping_bag":2,"minecraft:wooden_pickaxe":1,"minecraft:oak_log":2,"chiselsandbits:chisel_diamond":1,"jeg:burst_rifle":4,"immersive_aircraft:gyrodyne":12,"minecraft:dirt":15,"minecraft:lantern":1,"jeg:combat_rifle":1,"immersive_aircraft:biplane":17,"create:piston_extension_pole":10,"minecraft:bone":1,"minecraft:kelp":3,"create:sticky_mechanical_piston":1,"immersive_aircraft:industrial_gears":7,"minecraft:bucket":2,"create:adjustable_chain_gearshift":1,"dynamictrees:oak_seed":1,"jeg:gunnite_workbench":1,"create:sequenced_gearshift":1,"minecraft:oak_slab":2,"create:gearshift":2,"immersive_aircraft:sturdy_pipes":14,"car:canola_seeds":1,"minecraft:oak_fence":1,"minecraft:spruce_fence":1,"minecraft:netherite_shovel":1,"immersive_aircraft:gyroscope":15,"minecraft:grass_block":2,"minecraft:spruce_log":3,"minecraft:redstone":1,"create:schematicannon":1,"minecraft:chiseled_sandstone":1,"minecraft:barrel":1,"create:creative_motor":2,"minecraft:rotten_flesh":2,"jeg:typhoonee":2,"minecraft:campfire":1,"jeg:custom_smg":2,"minecraft:lever":12,"jeg:holy_shotgun":1,"minecraft:bone_meal":2,"immersive_aircraft:steel_boiler":15,"minecraft:oak_leaves":3,"minecraft:cobblestone":16},"minecraft:used":{"minecraft:oak_fence":102,"minecraft:oak_trapdoor":26,"minecraft:petrified_oak_slab":76,"minecraft:water_bucket":55,"jeg:combat_rifle":111,"cgm:pistol":26,"create:piston_extension_pole":99,"minecraft:oak_planks":77,"create:train_door":2,"cgm:stun_grenade":1,"minecraft:chest":1,"create:sticky_mechanical_piston":15,"jeg:holy_shotgun":38,"dynamictrees:oak_seed":3,"jeg:atlantean_spear":13,"minecraft:oak_leaves":281,"mowziesmobs:foliaath_spawn_egg":92,"jeg:burst_rifle":89,"jeg:gunmetal_workbench":2,"minecraft:anvil":2,"minecraft:mutton":8,"create:andesite_door":3,"minecraft:vine":63,"minecraft:oak_slab":573,"jeg:gunnite_workbench":1,"jeg:typhoonee":8,"create:schematicannon":2,"minecraft:campfire":71,"cgm:bazooka":6,"jeg:custom_smg":182,"minecraft:spruce_fence":153,"minecraft:spruce_log":255,"minecraft:oak_log":142,"minecraft:lever":15,"minecraft:netherite_shovel":262,"minecraft:chiseled_sandstone":5,"minecraft:lantern":33,"minecraft:oak_stairs":118,"minecraft:grass_block":151,"cgm:grenade":6,"minecraft:barrier":36,"minecraft:netherite_axe":122,"carryon:entity_item":3,"create:adjustable_chain_gearshift":2,"ironchest:trapped_obsidian_chest":1,"create:creative_motor":8,"minecraft:barrel":12,"jeg:scrap_workbench":1,"carryon:tile_item":1,"minecraft:bow":1,"create:mechanical_piston":1,"securitycraft:reinforced_spruce_fence":37,"jeg:revolver":6,"immersive_aircraft:gyrodyne":11,"minecraft:bucket":48,"minecraft:trapped_chest":3,"create:sequenced_gearshift":1,"immersive_aircraft:biplane":11,"minecraft:bone_meal":78,"create:gearshift":11},"minecraft:dropped":{"jeg:typhoonee":2,"minecraft:water_bucket":3,"jeg:atlantean_spear":1,"minecraft:oak_slab":2,"cgm:pistol":1,"minecraft:lever":7,"dynamictrees:oak_seed":2,"minecraft:oak_log":3,"create:mechanical_piston":1,"immersive_aircraft:biplane":7,"minecraft:oak_fence":1,"minecraft:oak_planks":1,"minecraft:lantern":1,"create:sequenced_gearshift":1,"minecraft:netherite_shovel":1,"minecraft:spruce_fence":1,"minecraft:grass_block":3,"create:schematicannon":1,"jeg:burst_rifle":4,"jeg:custom_smg":2,"chiselsandbits:chisel_diamond":1,"immersive_aircraft:gyrodyne":1,"create:creative_motor":2,"create:sticky_mechanical_piston":2,"jeg:holy_shotgun":3,"policemod:hc":1,"minecraft:wooden_axe":1,"jeg:gunnite_workbench":1,"create:piston_extension_pole":11,"minecraft:barrel":1,"minecraft:bone_meal":2,"minecraft:spruce_log":3,"minecraft:campfire":1,"minecraft:wooden_pickaxe":1,"jeg:combat_rifle":2,"ironchest:trapped_obsidian_chest":1,"create:gearshift":2,"minecraft:oak_leaves":3,"minecraft:bucket":3,"travelersbackpack:red_sleeping_bag":4,"minecraft:chiseled_sandstone":1},"minecraft:killed":{"minecraft:spider":2,"minecraft:skeleton":1,"minecraft:zombie":4}},"DataVersion":2975}