{"stats":{"minecraft:used":{"minecraft:oak_trapdoor":26,"minecraft:oak_fence":90,"minecraft:petrified_oak_slab":76,"minecraft:water_bucket":38,"cgm:pistol":6,"create:piston_extension_pole":54,"minecraft:oak_planks":34,"minecraft:chest":1,"create:sticky_mechanical_piston":9,"jeg:holy_shotgun":10,"dynamictrees:oak_seed":3,"jeg:atlantean_spear":1,"minecraft:oak_leaves":104,"jeg:burst_rifle":13,"minecraft:vine":43,"minecraft:oak_slab":137,"jeg:typhoonee":1,"minecraft:campfire":51,"jeg:custom_smg":182,"minecraft:oak_log":35,"minecraft:lever":10,"minecraft:netherite_shovel":262,"minecraft:chiseled_sandstone":5,"minecraft:lantern":9,"minecraft:grass_block":132,"minecraft:oak_stairs":11,"minecraft:barrier":36,"carryon:entity_item":3,"create:adjustable_chain_gearshift":2,"create:creative_motor":3,"ironchest:trapped_obsidian_chest":1,"minecraft:barrel":7,"carryon:tile_item":1,"create:mechanical_piston":1,"minecraft:bucket":32,"minecraft:trapped_chest":3,"create:sequenced_gearshift":1,"immersive_aircraft:biplane":11,"minecraft:bone_meal":19,"create:gearshift":9},"minecraft:picked_up":{"minecraft:water_bucket":1,"travelersbackpack:red_sleeping_bag":2,"minecraft:oak_log":2,"chiselsandbits:chisel_diamond":1,"jeg:burst_rifle":1,"immersive_aircraft:biplane":17,"create:piston_extension_pole":10,"create:sticky_mechanical_piston":1,"immersive_aircraft:industrial_gears":6,"create:adjustable_chain_gearshift":1,"dynamictrees:oak_seed":1,"create:sequenced_gearshift":1,"create:gearshift":1,"immersive_aircraft:sturdy_pipes":6,"minecraft:oak_fence":1,"immersive_aircraft:gyroscope":6,"minecraft:netherite_shovel":1,"minecraft:grass_block":1,"minecraft:redstone":1,"minecraft:chiseled_sandstone":1,"jeg:custom_smg":2,"minecraft:lever":5,"minecraft:bone_meal":2,"immersive_aircraft:steel_boiler":6,"minecraft:oak_leaves":2},"minecraft:dropped":{"minecraft:water_bucket":1,"jeg:atlantean_spear":1,"cgm:pistol":1,"minecraft:lever":3,"dynamictrees:oak_seed":2,"minecraft:oak_log":2,"create:mechanical_piston":1,"immersive_aircraft:biplane":7,"minecraft:oak_fence":1,"minecraft:oak_planks":1,"create:sequenced_gearshift":1,"minecraft:netherite_shovel":1,"minecraft:grass_block":2,"jeg:burst_rifle":1,"chiselsandbits:chisel_diamond":1,"jeg:custom_smg":2,"create:sticky_mechanical_piston":1,"jeg:holy_shotgun":1,"policemod:hc":1,"create:piston_extension_pole":11,"minecraft:bone_meal":2,"ironchest:trapped_obsidian_chest":1,"create:gearshift":1,"minecraft:bucket":1,"minecraft:oak_leaves":3,"travelersbackpack:red_sleeping_bag":4,"minecraft:chiseled_sandstone":1},"minecraft:custom":{"minecraft:mob_kills":5,"minecraft:leave_game":10,"minecraft:time_since_death":192320,"minecraft:climb_one_cm":1294,"minecraft:time_since_rest":192320,"minecraft:sprint_one_cm":71393,"minecraft:walk_one_cm":155444,"minecraft:trigger_trapped_chest":2,"minecraft:drop":40,"minecraft:fly_one_cm":283451,"minecraft:open_chest":8,"minecraft:play_time":192320,"tombstone:undead_killed":3,"minecraft:sneak_time":875,"minecraft:walk_under_water_one_cm":4936,"minecraft:jump":727,"minecraft:walk_on_water_one_cm":2569,"minecraft:total_world_time":192320},"minecraft:killed":{"minecraft:spider":2,"minecraft:zombie":3}},"DataVersion":2975}