{"stats":{"minecraft:picked_up":{"minecraft:water_bucket":1,"travelersbackpack:red_sleeping_bag":2,"minecraft:oak_log":2,"chiselsandbits:chisel_diamond":1,"jeg:burst_rifle":1,"immersive_aircraft:biplane":16,"create:piston_extension_pole":10,"create:sticky_mechanical_piston":1,"immersive_aircraft:industrial_gears":6,"create:adjustable_chain_gearshift":1,"dynamictrees:oak_seed":1,"create:sequenced_gearshift":1,"immersive_aircraft:sturdy_pipes":6,"minecraft:oak_fence":1,"immersive_aircraft:gyroscope":6,"minecraft:netherite_shovel":1,"minecraft:grass_block":1,"minecraft:redstone":1,"minecraft:chiseled_sandstone":1,"jeg:custom_smg":2,"minecraft:lever":5,"minecraft:bone_meal":2,"immersive_aircraft:steel_boiler":6,"minecraft:oak_leaves":2},"minecraft:used":{"minecraft:oak_trapdoor":26,"minecraft:oak_fence":90,"minecraft:petrified_oak_slab":76,"minecraft:water_bucket":5,"cgm:pistol":6,"create:piston_extension_pole":54,"minecraft:oak_planks":29,"minecraft:chest":1,"create:sticky_mechanical_piston":9,"jeg:holy_shotgun":10,"dynamictrees:oak_seed":3,"jeg:atlantean_spear":1,"minecraft:oak_leaves":104,"jeg:burst_rifle":13,"minecraft:vine":43,"jeg:typhoonee":1,"jeg:custom_smg":182,"minecraft:oak_log":35,"minecraft:lever":10,"minecraft:netherite_shovel":110,"minecraft:chiseled_sandstone":5,"minecraft:lantern":9,"minecraft:grass_block":117,"minecraft:oak_stairs":11,"minecraft:barrier":25,"carryon:entity_item":3,"create:adjustable_chain_gearshift":2,"create:creative_motor":3,"ironchest:trapped_obsidian_chest":1,"carryon:tile_item":1,"create:mechanical_piston":1,"minecraft:trapped_chest":3,"create:sequenced_gearshift":1,"immersive_aircraft:biplane":11,"minecraft:bone_meal":19,"create:gearshift":9},"minecraft:custom":{"minecraft:mob_kills":5,"minecraft:leave_game":8,"minecraft:time_since_death":164435,"minecraft:climb_one_cm":604,"minecraft:time_since_rest":164435,"minecraft:sprint_one_cm":63607,"minecraft:walk_one_cm":133083,"minecraft:trigger_trapped_chest":2,"minecraft:drop":34,"minecraft:fly_one_cm":187583,"minecraft:open_chest":8,"minecraft:play_time":164435,"tombstone:undead_killed":3,"minecraft:sneak_time":854,"minecraft:walk_under_water_one_cm":4936,"minecraft:jump":606,"minecraft:walk_on_water_one_cm":2085,"minecraft:total_world_time":164435},"minecraft:dropped":{"minecraft:water_bucket":1,"jeg:atlantean_spear":1,"cgm:pistol":1,"minecraft:lever":3,"dynamictrees:oak_seed":2,"minecraft:oak_log":2,"immersive_aircraft:biplane":6,"minecraft:oak_fence":1,"minecraft:oak_planks":1,"create:sequenced_gearshift":1,"minecraft:netherite_shovel":1,"minecraft:grass_block":1,"jeg:burst_rifle":1,"chiselsandbits:chisel_diamond":1,"jeg:custom_smg":2,"create:sticky_mechanical_piston":1,"jeg:holy_shotgun":1,"policemod:hc":1,"create:piston_extension_pole":11,"minecraft:bone_meal":2,"ironchest:trapped_obsidian_chest":1,"minecraft:oak_leaves":2,"travelersbackpack:red_sleeping_bag":4,"minecraft:chiseled_sandstone":1},"minecraft:killed":{"minecraft:spider":2,"minecraft:zombie":3}},"DataVersion":2975}