{"stats":{"minecraft:used":{"immersive_aircraft:biplane":1,"ironchest:trapped_obsidian_chest":1,"cgm:pistol":6},"minecraft:picked_up":{"immersive_aircraft:biplane":1,"immersive_aircraft:gyroscope":1,"immersive_aircraft:steel_boiler":1,"immersive_aircraft:sturdy_pipes":1,"immersive_aircraft:industrial_gears":1},"minecraft:custom":{"minecraft:jump":6,"minecraft:time_since_rest":11650,"minecraft:trigger_trapped_chest":1,"minecraft:leave_game":2,"minecraft:play_time":11650,"minecraft:sprint_one_cm":915,"minecraft:time_since_death":11650,"minecraft:walk_on_water_one_cm":110,"minecraft:walk_one_cm":1340,"minecraft:sneak_time":91,"minecraft:walk_under_water_one_cm":658,"minecraft:total_world_time":11650,"minecraft:fly_one_cm":17391}},"DataVersion":2975}