{"stats":{"minecraft:used":{"minecraft:oak_trapdoor":26,"minecraft:oak_fence":102,"minecraft:petrified_oak_slab":76,"minecraft:water_bucket":55,"jeg:combat_rifle":111,"cgm:pistol":6,"create:piston_extension_pole":54,"minecraft:oak_planks":77,"minecraft:chest":1,"create:sticky_mechanical_piston":10,"jeg:holy_shotgun":32,"dynamictrees:oak_seed":3,"jeg:atlantean_spear":7,"minecraft:oak_leaves":281,"jeg:burst_rifle":46,"jeg:gunmetal_workbench":1,"minecraft:vine":63,"jeg:gunnite_workbench":1,"minecraft:oak_slab":270,"jeg:typhoonee":8,"create:schematicannon":2,"minecraft:campfire":65,"cgm:bazooka":6,"jeg:custom_smg":182,"minecraft:spruce_fence":153,"minecraft:spruce_log":139,"minecraft:oak_log":142,"minecraft:lever":14,"minecraft:netherite_shovel":262,"minecraft:chiseled_sandstone":5,"minecraft:lantern":33,"minecraft:oak_stairs":118,"minecraft:grass_block":135,"minecraft:barrier":36,"minecraft:netherite_axe":122,"carryon:entity_item":3,"create:adjustable_chain_gearshift":2,"create:creative_motor":3,"ironchest:trapped_obsidian_chest":1,"minecraft:barrel":12,"jeg:scrap_workbench":1,"carryon:tile_item":1,"create:mechanical_piston":1,"securitycraft:reinforced_spruce_fence":37,"jeg:revolver":6,"minecraft:bucket":48,"minecraft:trapped_chest":3,"create:sequenced_gearshift":1,"immersive_aircraft:biplane":11,"minecraft:bone_meal":19,"create:gearshift":9},"minecraft:picked_up":{"minecraft:water_bucket":2,"minecraft:wooden_pickaxe":1,"travelersbackpack:red_sleeping_bag":2,"minecraft:oak_log":2,"chiselsandbits:chisel_diamond":1,"jeg:burst_rifle":1,"minecraft:dirt":15,"minecraft:lantern":1,"jeg:combat_rifle":1,"immersive_aircraft:biplane":17,"create:piston_extension_pole":10,"create:sticky_mechanical_piston":1,"immersive_aircraft:industrial_gears":6,"minecraft:bucket":2,"create:adjustable_chain_gearshift":1,"dynamictrees:oak_seed":1,"jeg:gunnite_workbench":1,"create:sequenced_gearshift":1,"minecraft:oak_slab":1,"create:gearshift":1,"immersive_aircraft:sturdy_pipes":6,"minecraft:oak_fence":1,"minecraft:spruce_fence":1,"immersive_aircraft:gyroscope":6,"minecraft:netherite_shovel":1,"minecraft:spruce_log":3,"minecraft:grass_block":1,"minecraft:redstone":1,"create:schematicannon":1,"minecraft:chiseled_sandstone":1,"minecraft:barrel":1,"create:creative_motor":1,"jeg:typhoonee":2,"minecraft:campfire":1,"jeg:custom_smg":2,"minecraft:lever":12,"jeg:holy_shotgun":1,"minecraft:bone_meal":2,"immersive_aircraft:steel_boiler":6,"minecraft:oak_leaves":3,"minecraft:cobblestone":16},"minecraft:dropped":{"jeg:typhoonee":2,"minecraft:water_bucket":3,"jeg:atlantean_spear":1,"minecraft:oak_slab":1,"cgm:pistol":1,"minecraft:lever":7,"dynamictrees:oak_seed":2,"minecraft:oak_log":3,"create:mechanical_piston":1,"immersive_aircraft:biplane":7,"minecraft:oak_fence":1,"minecraft:lantern":1,"minecraft:oak_planks":1,"create:sequenced_gearshift":1,"minecraft:netherite_shovel":1,"minecraft:spruce_fence":1,"minecraft:grass_block":2,"create:schematicannon":1,"jeg:burst_rifle":1,"chiselsandbits:chisel_diamond":1,"jeg:custom_smg":2,"create:creative_motor":1,"create:sticky_mechanical_piston":1,"jeg:holy_shotgun":3,"policemod:hc":1,"minecraft:wooden_axe":1,"jeg:gunnite_workbench":1,"create:piston_extension_pole":11,"minecraft:barrel":1,"minecraft:bone_meal":2,"minecraft:spruce_log":3,"minecraft:campfire":1,"minecraft:wooden_pickaxe":1,"jeg:combat_rifle":2,"ironchest:trapped_obsidian_chest":1,"create:gearshift":1,"minecraft:oak_leaves":3,"minecraft:bucket":3,"travelersbackpack:red_sleeping_bag":4,"minecraft:chiseled_sandstone":1},"minecraft:custom":{"minecraft:mob_kills":6,"minecraft:open_barrel":2,"minecraft:leave_game":11,"minecraft:time_since_death":289419,"minecraft:climb_one_cm":1939,"minecraft:time_since_rest":289419,"minecraft:sprint_one_cm":132624,"minecraft:walk_one_cm":222832,"minecraft:trigger_trapped_chest":2,"minecraft:drop":65,"minecraft:damage_dealt":100,"minecraft:fly_one_cm":600775,"minecraft:open_chest":9,"minecraft:crouch_one_cm":14,"minecraft:play_time":289419,"tombstone:undead_killed":3,"minecraft:sneak_time":2578,"minecraft:walk_under_water_one_cm":35795,"minecraft:jump":947,"minecraft:walk_on_water_one_cm":5730,"minecraft:total_world_time":289419},"minecraft:killed":{"minecraft:spider":2,"minecraft:zombie":3}},"DataVersion":2975}