{"stats":{"minecraft:killed":{"minecraft:zombie":3,"minecraft:spider":2},"minecraft:dropped":{"jeg:atlantean_spear":1,"jeg:custom_smg":2,"cgm:pistol":1,"jeg:holy_shotgun":1,"policemod:hc":1,"immersive_aircraft:biplane":6,"ironchest:trapped_obsidian_chest":1,"minecraft:grass_block":1,"jeg:burst_rifle":1},"minecraft:used":{"minecraft:grass_block":5,"cgm:pistol":6,"carryon:entity_item":3,"minecraft:chest":1,"jeg:holy_shotgun":10,"ironchest:trapped_obsidian_chest":1,"jeg:atlantean_spear":1,"carryon:tile_item":1,"jeg:burst_rifle":13,"jeg:typhoonee":1,"minecraft:trapped_chest":3,"jeg:custom_smg":182,"immersive_aircraft:biplane":8},"minecraft:picked_up":{"immersive_aircraft:sturdy_pipes":5,"immersive_aircraft:gyroscope":5,"minecraft:grass_block":1,"jeg:burst_rifle":1,"immersive_aircraft:biplane":10,"jeg:custom_smg":2,"immersive_aircraft:industrial_gears":5,"immersive_aircraft:steel_boiler":5},"minecraft:custom":{"minecraft:time_since_rest":82325,"minecraft:sprint_one_cm":20760,"minecraft:walk_one_cm":20774,"minecraft:trigger_trapped_chest":2,"minecraft:mob_kills":5,"minecraft:drop":15,"minecraft:fly_one_cm":71681,"minecraft:open_chest":1,"tombstone:undead_killed":3,"minecraft:play_time":82325,"minecraft:sneak_time":813,"minecraft:walk_under_water_one_cm":3899,"minecraft:jump":104,"minecraft:leave_game":6,"minecraft:walk_on_water_one_cm":650,"minecraft:time_since_death":82325,"minecraft:total_world_time":82325}},"DataVersion":2975}