{"stats":{"minecraft:picked_up":{"immersive_aircraft:sturdy_pipes":5,"travelersbackpack:red_sleeping_bag":2,"minecraft:netherite_shovel":1,"immersive_aircraft:gyroscope":5,"minecraft:oak_log":2,"chiselsandbits:chisel_diamond":1,"minecraft:grass_block":1,"jeg:burst_rifle":1,"immersive_aircraft:biplane":10,"jeg:custom_smg":2,"immersive_aircraft:industrial_gears":5,"minecraft:bone_meal":2,"dynamictrees:oak_seed":1,"immersive_aircraft:steel_boiler":5},"minecraft:used":{"minecraft:oak_trapdoor":19,"minecraft:oak_log":9,"minecraft:oak_fence":17,"minecraft:petrified_oak_slab":21,"minecraft:netherite_shovel":110,"minecraft:lantern":2,"minecraft:oak_stairs":2,"cgm:pistol":6,"minecraft:grass_block":5,"minecraft:oak_planks":3,"carryon:entity_item":3,"minecraft:chest":1,"jeg:holy_shotgun":10,"dynamictrees:oak_seed":3,"ironchest:trapped_obsidian_chest":1,"jeg:atlantean_spear":1,"minecraft:oak_leaves":26,"carryon:tile_item":1,"jeg:burst_rifle":13,"minecraft:vine":15,"jeg:typhoonee":1,"minecraft:trapped_chest":3,"jeg:custom_smg":182,"immersive_aircraft:biplane":8,"minecraft:bone_meal":19},"minecraft:dropped":{"jeg:atlantean_spear":1,"chiselsandbits:chisel_diamond":1,"jeg:custom_smg":2,"cgm:pistol":1,"dynamictrees:oak_seed":2,"minecraft:oak_log":2,"jeg:holy_shotgun":1,"policemod:hc":1,"immersive_aircraft:biplane":6,"minecraft:bone_meal":2,"minecraft:netherite_shovel":1,"ironchest:trapped_obsidian_chest":1,"minecraft:grass_block":1,"travelersbackpack:red_sleeping_bag":4,"jeg:burst_rifle":1},"minecraft:custom":{"minecraft:time_since_rest":105525,"minecraft:sprint_one_cm":29550,"minecraft:walk_one_cm":60208,"minecraft:trigger_trapped_chest":2,"minecraft:mob_kills":5,"minecraft:drop":24,"minecraft:fly_one_cm":103763,"minecraft:open_chest":8,"tombstone:undead_killed":3,"minecraft:play_time":105525,"minecraft:sneak_time":813,"minecraft:walk_under_water_one_cm":3899,"minecraft:jump":233,"minecraft:climb_one_cm":50,"minecraft:leave_game":7,"minecraft:walk_on_water_one_cm":650,"minecraft:time_since_death":105525,"minecraft:total_world_time":105525},"minecraft:killed":{"minecraft:zombie":3,"minecraft:spider":2}},"DataVersion":2975}