{
  "infernalexp:recipes/food/cooked_hogchop_smelting": {
    "criteria": {
      "has_hogchop": "2024-07-10 00:26:27 +0000"
    },
    "done": true
  },
  "minecraft:recipes/transportation/dark_oak_boat": {
    "criteria": {
      "in_water": "2024-07-09 23:19:27 +0000"
    },
    "done": true
  },
  "infernalexp:recipes/redstone/smooth_glowstone_button": {
    "criteria": {
      "has_smooth_glowstone": "2024-07-10 00:26:27 +0000"
    },
    "done": true
  },
  "tombstone:adventure/root": {
    "criteria": {
      "auto": "2024-07-09 23:12:25 +0000"
    },
    "done": true
  },
  "infernalexp:recipes/building_blocks/glass": {
    "criteria": {
      "has_silt": "2024-07-10 00:26:27 +0000"
    },
    "done": true
  },
  "infernalexp:recipes/food/cooked_hogchop_smoking": {
    "criteria": {
      "has_hogchop": "2024-07-10 00:26:27 +0000"
    },
    "done": true
  },
  "infernalexp:recipes/food/cooked_hogchop_campfire": {
    "criteria": {
      "has_hogchop": "2024-07-10 00:26:28 +0000"
    },
    "done": true
  },
  "dungeons_arise:wda_root": {
    "criteria": {
      "WDA": "2024-07-10 00:26:28 +0000"
    },
    "done": true
  },
  "byg:root": {
    "criteria": {
      "tick": "2024-07-09 23:12:25 +0000"
    },
    "done": true
  },
  "infernalexp:recipes/combat/glowsilk_bow": {
    "criteria": {
      "has_glowsilk": "2024-07-10 00:26:27 +0000"
    },
    "done": true
  },
  "infernalexp:recipes/redstone/polished_basalt_pressure_plate": {
    "criteria": {
      "has_polished_basalt": "2024-07-10 00:26:27 +0000"
    },
    "done": true
  },
  "minecraft:adventure/adventuring_time": {
    "criteria": {
      "minecraft:beach": "2024-07-09 23:13:29 +0000",
      "minecraft:lukewarm_ocean": "2024-07-09 23:16:26 +0000",
      "minecraft:river": "2024-07-09 23:16:24 +0000",
      "minecraft:savanna": "2024-07-09 23:12:25 +0000"
    },
    "done": false
  },
  "infernalexp:recipes/redstone/smooth_dullstone_button": {
    "criteria": {
      "has_smooth_dullstone": "2024-07-10 00:26:27 +0000"
    },
    "done": true
  },
  "infernalexp:recipes/food/cured_jerky": {
    "criteria": {
      "has_soul_salt_clump": "2024-07-10 00:26:27 +0000"
    },
    "done": true
  },
  "infernalexp:recipes/redstone/smooth_glowstone_pressure_plate": {
    "criteria": {
      "has_smooth_glowstone": "2024-07-10 00:26:28 +0000"
    },
    "done": true
  },
  "infernalexp:recipes/food/blindsight_tounge_stew": {
    "criteria": {
      "has_tongue": "2024-07-10 00:26:27 +0000",
      "has_crimson_fungus": "2024-07-10 00:26:27 +0000",
      "has_warped_fungus": "2024-07-10 00:26:27 +0000",
      "has_bowl": "2024-07-10 00:26:27 +0000",
      "has_luminous_fungus": "2024-07-10 00:26:28 +0000"
    },
    "done": true
  },
  "minecraft:recipes/transportation/birch_boat": {
    "criteria": {
      "in_water": "2024-07-09 23:19:27 +0000"
    },
    "done": true
  },
  "infernalexp:recipes/redstone/basalt_button": {
    "criteria": {
      "has_basalt": "2024-07-10 00:26:27 +0000"
    },
    "done": true
  },
  "byg:biomepedia_gift": {
    "criteria": {
      "tick": "2024-07-09 23:12:25 +0000"
    },
    "done": true
  },
  "minecraft:recipes/transportation/acacia_boat": {
    "criteria": {
      "in_water": "2024-07-09 23:19:27 +0000"
    },
    "done": true
  },
  "minecraft:recipes/transportation/oak_boat": {
    "criteria": {
      "in_water": "2024-07-09 23:19:27 +0000"
    },
    "done": true
  },
  "infernalexp:recipes/combat/blindsight_tongue_whip": {
    "criteria": {
      "has_molten_gold_cluster": "2024-07-10 00:26:28 +0000"
    },
    "done": true
  },
  "infernalexp:recipes/redstone/soul_slate_pressure_plate": {
    "criteria": {
      "has_soul_slate": "2024-07-10 00:26:28 +0000"
    },
    "done": true
  },
  "minecraft:recipes/transportation/jungle_boat": {
    "criteria": {
      "in_water": "2024-07-09 23:19:27 +0000"
    },
    "done": true
  },
  "infernalexp:recipes/redstone/soul_slate_button": {
    "criteria": {
      "has_soul_slate": "2024-07-10 00:26:28 +0000"
    },
    "done": true
  },
  "minecraft:recipes/transportation/spruce_boat": {
    "criteria": {
      "in_water": "2024-07-09 23:19:27 +0000"
    },
    "done": true
  },
  "infernalexp:recipes/redstone/smooth_dimstone_button": {
    "criteria": {
      "has_smooth_dimstone": "2024-07-10 00:26:27 +0000"
    },
    "done": true
  },
  "DataVersion": 2975
}